user,topic,time,obs
enmarchefr,DirectAN,2017-10-01,1
enmarchefr,vaccination,2017-10-01,1
enmarchefr,LaREM,2017-10-01,4
enmarchefr,apprentissage,2017-10-01,1
enmarchefr,Marseille,2017-10-01,1
enmarchefr,le79inter,2017-10-01,1
enmarchefr,GMS,2017-10-01,1
enmarchefr,Irma,2017-10-01,1
enmarchefr,ADCF,2017-10-01,2
enmarchefr,ConvADCF,2017-10-01,1
FranceInsoumise,Marseille,2017-10-01,1
FranceInsoumise,HDPros,2017-10-01,1
FranceInsoumise,SaintCharles,2017-10-01,1
FranceInsoumise,Bordel,2017-10-01,2
FranceInsoumise,GmS,2017-10-01,3
FranceInsoumise,Macron,2017-10-01,1
FranceInsoumise,OrdonnancesMacron,2017-10-01,1
FranceInsoumise,LoiTravailXXL,2017-10-01,2
FranceInsoumise,ordonnancestravail,2017-10-01,1
FranceInsoumise,CVR,2017-10-01,1
lesRepublicains,conseils,2017-10-01,1
lesRepublicains,TDInfos,2017-10-01,6
lesRepublicains,gasoil,2017-10-01,1
lesRepublicains,asso,2017-10-01,1
lesRepublicains,LoireAtlantique,2017-10-01,1
lesRepublicains,atelierdelarefondation,2017-10-01,1
lesRepublicains,LoiTerrorisme,2017-10-01,1
lesRepublicains,RTLMatin,2017-10-01,1
lesRepublicains,Paris,2017-10-01,4
lesRepublicains,fédération,2017-10-01,1
lesRepublicains,Budget2018,2017-10-01,2
lesRepublicains,Droites,2017-10-01,1
lesRepublicains,CSG,2017-10-01,2
lesRepublicains,UE,2017-10-01,1
lesRepublicains,AteliersRefondation,2017-10-01,23
lesRepublicains,PLF2018,2017-10-01,2
lesRepublicains,Européennes,2017-10-01,1
lesRepublicains,lesRépublicains,2017-10-01,2
lesRepublicains,Macron,2017-10-01,1
lesRepublicains,droite,2017-10-01,1
lesRepublicains,bordel,2017-10-01,2
lesRepublicains,NotreDrameDeParis,2017-10-01,2
lesRepublicains,Alstom,2017-10-01,1
nan,allthecoolgeeks,2017-10-01,1
partisocialiste,PLF2018,2017-10-01,7
partisocialiste,DirectAN,2017-10-01,9
partisocialiste,Macron,2017-10-01,1
partisocialiste,ContreBudget2018,2017-10-01,3
partisocialiste,ISF,2017-10-01,1
partisocialiste,LeContreBudget,2017-10-01,2
partisocialiste,Refondation,2017-10-01,1
partisocialiste,DevoirDeVigilance,2017-10-01,1
partisocialiste,BindingTreaty,2017-10-01,1
partisocialiste,10Octobre,2017-10-01,1
partisocialiste,fonctionpublique,2017-10-01,1
partisocialiste,servicepublic,2017-10-01,1
UDI_off,questeurs,2017-10-01,1
UDI_off,DirectAN,2017-10-01,1
enmarchefr,OctobreRose,2017-10-08,1
enmarchefr,MakeOurPlanetGreatAgain,2017-10-08,1
enmarchefr,Ateliers,2017-10-08,1
enmarchefr,fbm17,2017-10-08,1
enmarchefr,Ferrand,2017-10-08,2
enmarchefr,QAG,2017-10-08,1
enmarchefr,Echanges,2017-10-08,1
enmarchefr,Squad,2017-10-08,1
enmarchefr,CSG,2017-10-08,1
enmarchefr,EGAlim,2017-10-08,1
enmarchefr,Lareleve,2017-10-08,3
enmarchefr,Ministres,2017-10-08,1
enmarchefr,FRABIE,2017-10-08,1
enmarchefr,teamSolide,2017-10-08,1
enmarchefr,AllezAuTravail,2017-10-08,1
enmarchefr,LaREM,2017-10-08,8
enmarchefr,ReformesAN,2017-10-08,1
enmarchefr,CDM2018,2017-10-08,1
enmarchefr,UNESCO,2017-10-08,2
enmarchefr,jeunesse,2017-10-08,1
enmarchefr,REM,2017-10-08,1
enmarchefr,DemocratieNumerique,2017-10-08,1
enmarchefr,femme,2017-10-08,1
enmarchefr,ClassiqueMatin,2017-10-08,1
enmarchefr,DirectAn,2017-10-08,2
enmarchefr,education,2017-10-08,1
enmarchefr,SoinsPourTous,2017-10-08,1
enmarchefr,culture,2017-10-08,1
FranceInsoumise,France,2017-10-08,1
FranceInsoumise,LaFranceInsoumise,2017-10-08,1
FranceInsoumise,manifestation,2017-10-08,1
FranceInsoumise,Rouen,2017-10-08,1
FranceInsoumise,MarchonsPourLesFonctionnaires,2017-10-08,1
FranceInsoumise,FoutezNousLaPaix,2017-10-08,2
FranceInsoumise,Republique,2017-10-08,1
FranceInsoumise,LFI,2017-10-08,1
FranceInsoumise,Europe,2017-10-08,2
FranceInsoumise,Marseille,2017-10-08,2
FranceInsoumise,Gueret,2017-10-08,1
FranceInsoumise,etudiants,2017-10-08,1
FranceInsoumise,AssembléeNationale,2017-10-08,1
FranceInsoumise,FN,2017-10-08,1
FranceInsoumise,10octobre,2017-10-08,4
FranceInsoumise,QAG,2017-10-08,1
FranceInsoumise,Limoges,2017-10-08,1
FranceInsoumise,Fonctionnaires,2017-10-08,1
FranceInsoumise,bordel,2017-10-08,1
FranceInsoumise,Insoumis,2017-10-08,2
FranceInsoumise,salaries,2017-10-08,1
FranceInsoumise,fonctionpublique,2017-10-08,1
FranceInsoumise,greve10octobre,2017-10-08,26
FranceInsoumise,FI,2017-10-08,1
FranceInsoumise,JaiBordel,2017-10-08,6
FranceInsoumise,Macron,2017-10-08,4
FranceInsoumise,Caen,2017-10-08,1
FranceInsoumise,Paris,2017-10-08,1
FranceInsoumise,Nantes,2017-10-08,1
FranceInsoumise,Foix,2017-10-08,1
FranceInsoumise,LoiTravailXXL,2017-10-08,2
FranceInsoumise,FranceInsoumise,2017-10-08,3
FranceInsoumise,manif10octobre,2017-10-08,11
FranceInsoumise,GMS,2017-10-08,1
FranceInsoumise,Toulouse,2017-10-08,1
FranceInsoumise,Grenoble,2017-10-08,1
FranceInsoumise,Lille,2017-10-08,4
FranceInsoumise,bordeaux,2017-10-08,1
FranceInsoumise,syndicats,2017-10-08,1
FranceInsoumise,manif10oct,2017-10-08,1
FranceInsoumise,Voreppe,2017-10-08,1
FranceInsoumise,OrdonnancesMacron,2017-10-08,1
FranceInsoumise,10Oct,2017-10-08,1
FranceInsoumise,Quimper,2017-10-08,1
FranceInsoumise,codedutravail,2017-10-08,1
FranceInsoumise,fonctionnaire,2017-10-08,1
lesRepublicains,CSG,2017-10-08,1
lesRepublicains,Les4V,2017-10-08,2
lesRepublicains,CVR,2017-10-08,1
lesRepublicains,AteliersRefondation,2017-10-08,13
lesRepublicains,Antiterrorisme,2017-10-08,1
lesRepublicains,TDInfos,2017-10-08,3
lesRepublicains,Hidalgo,2017-10-08,1
lesRepublicains,ITVJ,2017-10-08,1
lesRepublicains,Rochefort,2017-10-08,1
lesRepublicains,QAG,2017-10-08,1
lesRepublicains,Catalogne,2017-10-08,1
lesRepublicains,AteliersRefondations,2017-10-08,1
lesRepublicains,ISF,2017-10-08,4
lesRepublicains,ElectionLR2017,2017-10-08,1
lesRepublicains,Constructifs,2017-10-08,1
lesRepublicains,BourdinDirect,2017-10-08,2
lesRepublicains,GdMatinSudRadio,2017-10-08,2
lesRepublicains,Macron,2017-10-08,1
lesRepublicains,LR,2017-10-08,1
lesRepublicains,lesRépublicains,2017-10-08,3
nan,bettermatters,2017-10-08,1
nan,TheRusticSanAntonio,2017-10-08,1
nan,sonos,2017-10-08,1
nan,flickr,2017-10-08,1
partisocialiste,Navigo,2017-10-08,1
partisocialiste,ISF,2017-10-08,1
partisocialiste,Floatgen,2017-10-08,1
partisocialiste,DirectIDF,2017-10-08,1
partisocialiste,Monsantopapers,2017-10-08,2
partisocialiste,manif10octobre,2017-10-08,1
partisocialiste,emploisaides,2017-10-08,1
partisocialiste,ContreBudget,2017-10-08,1
partisocialiste,SaintEtienne,2017-10-08,1
partisocialiste,QAG,2017-10-08,1
partisocialiste,Accouchementmesdroits,2017-10-08,7
partisocialiste,Fonctionnaires,2017-10-08,2
partisocialiste,FonctionPublique,2017-10-08,1
partisocialiste,luttecontrelesviolencesfaitesaux,2017-10-08,1
partisocialiste,respect,2017-10-08,1
partisocialiste,greve10octobre,2017-10-08,2
partisocialiste,PS,2017-10-08,1
partisocialiste,DirectPS,2017-10-08,8
partisocialiste,Marseille,2017-10-08,1
partisocialiste,transitionenergetique,2017-10-08,1
UDI_off,PolMat,2017-10-08,21
UDI_off,Catalogne,2017-10-08,2
UDI_off,AM59,2017-10-08,1
UDI_off,QAG,2017-10-08,3
UDI_off,RFI,2017-10-08,7
UDI_off,DirectAN,2017-10-08,1
UDI_off,LeTalk,2017-10-08,19
enmarchefr,Lyon,2017-10-15,1
enmarchefr,GaspillageAlimentaire,2017-10-15,1
enmarchefr,TaxedHabitation,2017-10-15,4
enmarchefr,RTLMatin,2017-10-15,1
enmarchefr,balancetonporc,2017-10-15,1
enmarchefr,Pouvoirdachat,2017-10-15,1
enmarchefr,marcheurs,2017-10-15,1
enmarchefr,LaREM,2017-10-15,2
enmarchefr,OctobreRose,2017-10-15,1
enmarchefr,TF1EMacron,2017-10-15,5
enmarchefr,inclusion,2017-10-15,1
enmarchefr,LeGrandEntretien,2017-10-15,2
enmarchefr,TDInfos,2017-10-15,1
enmarchefr,InterJAMIDF,2017-10-15,4
enmarchefr,UnÉtatquiprotège,2017-10-15,2
enmarchefr,EUCO,2017-10-15,2
FranceInsoumise,Sarkozy,2017-10-15,1
FranceInsoumise,TF1EMacron,2017-10-15,4
FranceInsoumise,HondelatteRaconte,2017-10-15,2
FranceInsoumise,ISF,2017-10-15,1
FranceInsoumise,JLMTF1,2017-10-15,1
FranceInsoumise,DecryptageFi,2017-10-15,38
FranceInsoumise,PLF2018,2017-10-15,1
FranceInsoumise,DirectAN,2017-10-15,1
FranceInsoumise,AvenirEnCommun,2017-10-15,1
FranceInsoumise,EnMarche,2017-10-15,1
FranceInsoumise,Paris,2017-10-15,1
FranceInsoumise,Macron,2017-10-15,4
FranceInsoumise,manif19octobre,2017-10-15,1
FranceInsoumise,LePen,2017-10-15,1
FranceInsoumise,MacronTF1,2017-10-15,1
FranceInsoumise,CETA,2017-10-15,1
lesRepublicains,Assurancechomage,2017-10-15,1
lesRepublicains,LeGrandEntretien,2017-10-15,2
lesRepublicains,lesRépublicains,2017-10-15,4
lesRepublicains,CongresADF,2017-10-15,1
lesRepublicains,Macron,2017-10-15,3
lesRepublicains,PaysDeLaLoire,2017-10-15,1
lesRepublicains,Calvi,2017-10-15,2
lesRepublicains,Bruxelles,2017-10-15,1
lesRepublicains,Sécurité,2017-10-15,2
lesRepublicains,PPE,2017-10-15,1
lesRepublicains,AmiralRogel,2017-10-15,1
lesRepublicains,EUCO,2017-10-15,1
lesRepublicains,CSG,2017-10-15,3
lesRepublicains,Pointdepresse,2017-10-15,1
lesRepublicains,MacronTF1,2017-10-15,1
lesRepublicains,ISF,2017-10-15,1
lesRepublicains,TF1EMacron,2017-10-15,8
lesRepublicains,IFI,2017-10-15,1
lesRepublicains,CongrèsLR,2017-10-15,1
lesRepublicains,GAFA,2017-10-15,1
lesRepublicains,AteliersRefondation,2017-10-15,1
nan,RewardsPoints,2017-10-15,1
nan,Facebook,2017-10-15,1
nan,CocktailConference,2017-10-15,1
nan,DestinationCocktails,2017-10-15,1
partisocialiste,Malte,2017-10-15,1
partisocialiste,ISF,2017-10-15,2
partisocialiste,Erasmus,2017-10-15,1
partisocialiste,17octobre1961,2017-10-15,1
partisocialiste,CSG,2017-10-15,1
partisocialiste,PLF2018,2017-10-15,1
partisocialiste,Logementsocial,2017-10-15,1
partisocialiste,APL,2017-10-15,2
partisocialiste,Gauche,2017-10-15,1
partisocialiste,FaisTonGattaz,2017-10-15,1
partisocialiste,Guyane,2017-10-15,1
partisocialiste,FlatTax,2017-10-15,1
partisocialiste,PLFSS2018,2017-10-15,1
UDI_off,UDI,2017-10-15,1
UDI_off,GuyBricout,2017-10-15,1
UDI_off,GrandParis,2017-10-15,1
UDI_off,APL,2017-10-15,1
UDI_off,BFMPolitique,2017-10-15,1
UDI_off,ClassiqueMatin,2017-10-15,9
UDI_off,senat,2017-10-15,1
UDI_off,Senat360,2017-10-15,1
UDI_off,Replay,2017-10-15,2
UDI_off,QAG,2017-10-15,3
UDI_off,ParlementHebdo,2017-10-15,17
UDI_off,ecologie,2017-10-15,1
UDI_off,DirectAN,2017-10-15,4
UDI_off,DeveloppementDurable,2017-10-15,1
UDI_off,Harcelementderue,2017-10-15,4
UDI_off,DirectIDF,2017-10-15,1
enmarchefr,LREM,2017-10-22,1
enmarchefr,glyphosate,2017-10-22,1
enmarchefr,croissance,2017-10-22,1
enmarchefr,FrenchTech,2017-10-22,1
enmarchefr,Harcèlement,2017-10-22,1
enmarchefr,PLFSS2018,2017-10-22,1
enmarchefr,ISF,2017-10-22,1
enmarchefr,travaildetache,2017-10-22,1
enmarchefr,DirectAN,2017-10-22,3
enmarchefr,CETA,2017-10-22,2
enmarchefr,paritenu,2017-10-22,1
enmarchefr,QAG,2017-10-22,1
enmarchefr,LCI,2017-10-22,1
enmarchefr,travailleursdetaches,2017-10-22,5
enmarchefr,Macron,2017-10-22,1
enmarchefr,interJAM,2017-10-22,1
enmarchefr,LaREM,2017-10-22,3
enmarchefr,E1Matin,2017-10-22,1
enmarchefr,PlanEntreprises,2017-10-22,2
enmarchefr,guyane,2017-10-22,1
enmarchefr,Reformes,2017-10-22,1
enmarchefr,MacronEnGuyane,2017-10-22,1
FranceInsoumise,travailleursdetaches,2017-10-22,1
FranceInsoumise,DecryptageFi,2017-10-22,45
FranceInsoumise,Budget18,2017-10-22,1
FranceInsoumise,ConfPresseFi,2017-10-22,6
FranceInsoumise,CICE,2017-10-22,2
FranceInsoumise,DecryptageF,2017-10-22,1
FranceInsoumise,DirectAN,2017-10-22,1
lesRepublicains,Macron,2017-10-22,1
lesRepublicains,lesRépublicains,2017-10-22,1
lesRepublicains,travailleursdetaches,2017-10-22,5
lesRepublicains,BPLR,2017-10-22,1
lesRepublicains,AteliersRefondation,2017-10-22,1
lesRepublicains,CETA,2017-10-22,4
lesRepublicains,Les4V,2017-10-22,3
lesRepublicains,SécuritéSociale,2017-10-22,1
nan,thxgiving,2017-10-22,1
nan,FordHolidayRiverParade,2017-10-22,1
nan,RewardsPoints,2017-10-22,2
partisocialiste,Bercy,2017-10-22,1
partisocialiste,CGT,2017-10-22,1
partisocialiste,Macron,2017-10-22,1
partisocialiste,Guyane,2017-10-22,1
partisocialiste,RiposteLaïque,2017-10-22,1
partisocialiste,PLF2018,2017-10-22,2
partisocialiste,CSG,2017-10-22,1
partisocialiste,DirectPS,2017-10-22,7
partisocialiste,Glyphosate,2017-10-22,4
partisocialiste,ESS,2017-10-22,1
partisocialiste,ISF,2017-10-22,1
partisocialiste,MoisESS17,2017-10-22,1
partisocialiste,logementsocial,2017-10-22,1
partisocialiste,TiersPayant,2017-10-22,1
partisocialiste,Tchétchénie,2017-10-22,1
partisocialiste,TPG,2017-10-22,1
partisocialiste,LGBT,2017-10-22,1
UDI_off,BFMPolitique,2017-10-22,22
UDI_off,Catalogne,2017-10-22,2
UDI_off,QAG,2017-10-22,1
UDI_off,harcelement,2017-10-22,2
UDI_off,PLFSS,2017-10-22,1
UDI_off,Toutestpolitique,2017-10-22,1
UDI_off,secu,2017-10-22,1
UDI_off,tousconcernes,2017-10-22,1
enmarchefr,3Novembre11h44,2017-10-29,1
enmarchefr,19hRuthElkrief,2017-10-29,1
enmarchefr,greenNewDeal,2017-10-29,1
enmarchefr,environnement,2017-10-29,1
enmarchefr,transitionenergetique,2017-10-29,1
enmarchefr,EngagementsTenus,2017-10-29,1
enmarchefr,LaREM,2017-10-29,6
enmarchefr,LoiAntiterrorisme,2017-10-29,6
enmarchefr,PoliceSécuritéQuotidien,2017-10-29,1
enmarchefr,le79inter,2017-10-29,3
enmarchefr,RTLMatin,2017-10-29,1
enmarchefr,Confpresse,2017-10-29,1
enmarchefr,Manhattan,2017-10-29,1
enmarchefr,PLFSS2018,2017-10-29,2
enmarchefr,PlanEtudiants,2017-10-29,8
enmarchefr,etatdurgence,2017-10-29,1
enmarchefr,Bucarest,2017-10-29,1
enmarchefr,DirectAN,2017-10-29,1
enmarchefr,polville,2017-10-29,1
enmarchefr,Rentrée2018,2017-10-29,2
enmarchefr,Transylvanie,2017-10-29,1
enmarchefr,QAG,2017-10-29,1
FranceInsoumise,FranceInsoumise,2017-10-29,2
FranceInsoumise,Sankara,2017-10-29,1
FranceInsoumise,France,2017-10-29,1
FranceInsoumise,QAG,2017-10-29,1
FranceInsoumise,ContreBudget,2017-10-29,56
FranceInsoumise,ordonnances,2017-10-29,1
FranceInsoumise,PLF2018,2017-10-29,1
FranceInsoumise,lesinformes,2017-10-29,1
FranceInsoumise,LFI,2017-10-29,1
FranceInsoumise,FI,2017-10-29,1
FranceInsoumise,loiantiterroriste,2017-10-29,1
FranceInsoumise,Etatdurgence,2017-10-29,1
FranceInsoumise,Nokia,2017-10-29,1
FranceInsoumise,CICE,2017-10-29,1
FranceInsoumise,Macron,2017-10-29,4
FranceInsoumise,CEDH,2017-10-29,1
lesRepublicains,sélection,2017-10-29,2
lesRepublicains,PlanEtudiants,2017-10-29,1
lesRepublicains,BPLR,2017-10-29,1
lesRepublicains,LaMatinale,2017-10-29,1
lesRepublicains,lesRépublicains,2017-10-29,1
lesRepublicains,Manhattan,2017-10-29,1
lesRepublicains,Macron,2017-10-29,2
lesRepublicains,PLF2018,2017-10-29,2
lesRepublicains,APL,2017-10-29,1
lesRepublicains,Sécurité,2017-10-29,1
lesRepublicains,TEP,2017-10-29,1
lesRepublicains,CSG,2017-10-29,2
partisocialiste,Isere,2017-10-29,1
partisocialiste,UNEF,2017-10-29,1
partisocialiste,climat,2017-10-29,1
partisocialiste,PSU,2017-10-29,1
partisocialiste,ONU,2017-10-29,1
partisocialiste,Manhattan,2017-10-29,2
partisocialiste,AccorddeParis,2017-10-29,1
partisocialiste,NY,2017-10-29,1
partisocialiste,Cop23,2017-10-29,1
partisocialiste,FondsVert,2017-10-29,2
partisocialiste,3novembre11h44,2017-10-29,2
enmarchefr,9November,2017-11-05,1
enmarchefr,racisme,2017-11-05,1
enmarchefr,LaREM,2017-11-05,1
enmarchefr,BerlinerMauer,2017-11-05,1
enmarchefr,ParadisePapers,2017-11-05,1
enmarchefr,antisémitisme,2017-11-05,1
enmarchefr,E1Matin,2017-11-05,1
enmarchefr,DirectAN,2017-11-05,1
enmarchefr,CETA,2017-11-05,1
enmarchefr,nucléaire,2017-11-05,2
enmarchefr,BalanceTonPorc,2017-11-05,2
enmarchefr,BourdinDirect,2017-11-05,3
enmarchefr,HarcelementScolaire,2017-11-05,1
enmarchefr,apprentissage,2017-11-05,3
enmarchefr,glyphosate,2017-11-05,2
enmarchefr,insertionpro,2017-11-05,1
enmarchefr,prejuges,2017-11-05,1
enmarchefr,11Novembre,2017-11-05,1
FranceInsoumise,FranceInsoumise,2017-11-05,2
FranceInsoumise,ConfPressFi,2017-11-05,4
FranceInsoumise,OrdonnancesMacron,2017-11-05,4
FranceInsoumise,MensongesEnMarche,2017-11-05,1
FranceInsoumise,ParadisePapers,2017-11-05,15
FranceInsoumise,nucleaire,2017-11-05,2
FranceInsoumise,DirectAN,2017-11-05,3
FranceInsoumise,Fifagate,2017-11-05,1
FranceInsoumise,Hulot,2017-11-05,1
FranceInsoumise,PLF2018,2017-11-05,1
FranceInsoumise,ordonnances,2017-11-05,1
FranceInsoumise,PLFR2018,2017-11-05,1
FranceInsoumise,whirlpool,2017-11-05,1
FranceInsoumise,Macron,2017-11-05,1
FranceInsoumise,ConfPresseFi,2017-11-05,18
FranceInsoumise,SudRadio,2017-11-05,2
FranceInsoumise,LREM,2017-11-05,2
FranceInsoumise,Dassault,2017-11-05,1
FranceInsoumise,ParadisePaper,2017-11-05,2
lesRepublicains,Défense,2017-11-05,1
lesRepublicains,Immigration,2017-11-05,1
lesRepublicains,momentclé,2017-11-05,1
lesRepublicains,endirect,2017-11-05,2
lesRepublicains,PLFR2017,2017-11-05,1
lesRepublicains,PolMat,2017-11-05,1
lesRepublicains,AteliersRefondation,2017-11-05,11
lesRepublicains,DeGaulle,2017-11-05,2
lesRepublicains,Texas,2017-11-05,1
lesRepublicains,lesRépublicains,2017-11-05,3
lesRepublicains,armistice,2017-11-05,1
lesRepublicains,11novembre,2017-11-05,3
lesRepublicains,Marseille,2017-11-05,1
lesRepublicains,Hommage,2017-11-05,1
lesRepublicains,droite,2017-11-05,1
lesRepublicains,LeTalk,2017-11-05,2
lesRepublicains,devoirdememoire,2017-11-05,1
lesRepublicains,orne,2017-11-05,1
lesRepublicains,France,2017-11-05,1
lesRepublicains,Bellême,2017-11-05,1
lesRepublicains,Budget2018,2017-11-05,1
nan,throwbackthursday,2017-11-05,1
partisocialiste,glyphosate,2017-11-05,1
partisocialiste,Slimani,2017-11-05,1
partisocialiste,Francophonie,2017-11-05,1
partisocialiste,ParadisePapers,2017-11-05,1
partisocialiste,Blagnac,2017-11-05,1
partisocialiste,11novembre,2017-11-05,1
partisocialiste,Outremer,2017-11-05,1
partisocialiste,COP23,2017-11-05,1
partisocialiste,associations,2017-11-05,1
partisocialiste,Goncourt2017,2017-11-05,1
partisocialiste,PôleEmploi,2017-11-05,1
partisocialiste,vieasso,2017-11-05,1
partisocialiste,Renaudot2017,2017-11-05,1
partisocialiste,Athènes,2017-11-05,1
partisocialiste,FN,2017-11-05,1
partisocialiste,Grèce,2017-11-05,1
partisocialiste,Hayange,2017-11-05,1
partisocialiste,αλληλεγγύη,2017-11-05,1
UDI_off,11novembre,2017-11-05,1
UDI_off,PLF2018,2017-11-05,1
UDI_off,UDI,2017-11-05,1
UDI_off,QAG,2017-11-05,1
UDI_off,AJP,2017-11-05,6
enmarchefr,LaREM,2017-11-12,5
enmarchefr,GdMatinSudRadio,2017-11-12,5
enmarchefr,emploisfrancs,2017-11-12,1
enmarchefr,EmploisAidés,2017-11-12,2
enmarchefr,PolitiqueDeLaVille,2017-11-12,1
enmarchefr,Le79Inter,2017-11-12,1
enmarchefr,COP23,2017-11-12,2
enmarchefr,LoveWins,2017-11-12,1
enmarchefr,ConseilLaREM,2017-11-12,10
enmarchefr,13Novembre,2017-11-12,2
enmarchefr,AvecCasta,2017-11-12,1
enmarchefr,RTLMatin,2017-11-12,1
FranceInsoumise,Castorama,2017-11-12,1
FranceInsoumise,GeneralElectric,2017-11-12,1
FranceInsoumise,nucléaire,2017-11-12,1
FranceInsoumise,CycloCity,2017-11-12,1
FranceInsoumise,RDLS46,2017-11-12,1
FranceInsoumise,ClimateAction,2017-11-12,1
FranceInsoumise,elephants,2017-11-12,1
FranceInsoumise,Macron,2017-11-12,5
FranceInsoumise,UrgenceClimatique,2017-11-12,1
FranceInsoumise,PayeTesCotiz,2017-11-12,1
FranceInsoumise,DécryptageFi,2017-11-12,20
FranceInsoumise,Lille,2017-11-12,1
FranceInsoumise,BDR,2017-11-12,1
FranceInsoumise,ParadisePapers,2017-11-12,3
FranceInsoumise,emplois,2017-11-12,1
FranceInsoumise,Paradisfiscaux,2017-11-12,1
FranceInsoumise,CestLaHonteQuand,2017-11-12,1
FranceInsoumise,Hollande,2017-11-12,1
FranceInsoumise,JeSuisTolerantMais,2017-11-12,1
FranceInsoumise,PlanB,2017-11-12,1
FranceInsoumise,Banlieues,2017-11-12,1
FranceInsoumise,PlanBLisboa,2017-11-12,1
FranceInsoumise,médias,2017-11-12,1
lesRepublicains,13novembre2015,2017-11-12,3
lesRepublicains,PLF2018,2017-11-12,1
lesRepublicains,banlieues,2017-11-12,1
lesRepublicains,lesRépublicains,2017-11-12,1
lesRepublicains,Bataclan,2017-11-12,2
lesRepublicains,FractureTerritoriale,2017-11-12,1
lesRepublicains,13Novembre,2017-11-12,4
lesRepublicains,ParadisePapers,2017-11-12,2
lesRepublicains,Nejamaisoublier,2017-11-12,1
lesRepublicains,19hRuthElkrief,2017-11-12,1
lesRepublicains,Paris,2017-11-12,1
lesRepublicains,Punchline,2017-11-12,2
lesRepublicains,France2023,2017-11-12,1
lesRepublicains,PlanBanlieue,2017-11-12,1
lesRepublicains,EnMarche,2017-11-12,2
lesRepublicains,DirectAN,2017-11-12,1
lesRepublicains,LInfoduvrai,2017-11-12,1
lesRepublicains,CanalPlus,2017-11-12,1
nan,SanAntonio,2017-11-12,1
nan,GoogleFiber,2017-11-12,1
partisocialiste,GIEC,2017-11-12,1
partisocialiste,PLF2018,2017-11-12,1
partisocialiste,PS,2017-11-12,3
partisocialiste,LREM,2017-11-12,1
partisocialiste,COP23,2017-11-12,2
partisocialiste,13novembre,2017-11-12,7
partisocialiste,Cop23Bonn,2017-11-12,1
partisocialiste,Pologne,2017-11-12,1
partisocialiste,attentats,2017-11-12,1
partisocialiste,FrançoiseHéritier,2017-11-12,1
partisocialiste,Paris,2017-11-12,1
partisocialiste,ASE,2017-11-12,1
partisocialiste,Saint,2017-11-12,1
partisocialiste,13novembre2015,2017-11-12,1
partisocialiste,RWC2023,2017-11-12,1
partisocialiste,France2023,2017-11-12,1
partisocialiste,NousSommesUnis,2017-11-12,1
partisocialiste,Progrès,2017-11-12,2
partisocialiste,PACS,2017-11-12,3
UDI_off,QAG,2017-11-12,2
UDI_off,Radicalisation,2017-11-12,1
UDI_off,UDI,2017-11-12,1
UDI_off,4Verites,2017-11-12,2
UDI_off,RégionIDF,2017-11-12,1
UDI_off,Telematin,2017-11-12,1
UDI_off,Les4V,2017-11-12,3
enmarchefr,lepointnoir,2017-11-19,1
enmarchefr,blackdotfrance,2017-11-19,1
enmarchefr,ecole,2017-11-19,1
enmarchefr,CongresAMF,2017-11-19,1
enmarchefr,BourdinDirect,2017-11-19,1
enmarchefr,DirectAN,2017-11-19,1
enmarchefr,NeRienLaisserPasser,2017-11-19,5
enmarchefr,LaREM,2017-11-19,6
enmarchefr,Team,2017-11-19,1
enmarchefr,PLFSS2018,2017-11-19,1
enmarchefr,Paris18,2017-11-19,1
enmarchefr,Budget2018,2017-11-19,1
enmarchefr,MOOCLaREM,2017-11-19,1
enmarchefr,ConseilLaREM,2017-11-19,1
enmarchefr,ErasmusPro,2017-11-19,1
enmarchefr,APB,2017-11-19,1
enmarchefr,PLF2018,2017-11-19,1
enmarchefr,le79inter,2017-11-19,3
enmarchefr,Conversations,2017-11-19,1
enmarchefr,25novembre,2017-11-19,1
enmarchefr,100èCongrèsAMF,2017-11-19,1
enmarchefr,ViolencesFaitesAuxFemmes,2017-11-19,1
enmarchefr,Maires,2017-11-19,1
enmarchefr,laFrancequisubit,2017-11-19,1
FranceInsoumise,actions,2017-11-19,1
FranceInsoumise,Educationpopulaire,2017-11-19,1
FranceInsoumise,Valls,2017-11-19,1
FranceInsoumise,fraternité,2017-11-19,1
FranceInsoumise,FiClermont2017,2017-11-19,1
FranceInsoumise,Bouteldja,2017-11-19,1
FranceInsoumise,profits,2017-11-19,1
FranceInsoumise,ConfPresseFi,2017-11-19,3
FranceInsoumise,nucléaire,2017-11-19,8
FranceInsoumise,SyndicalisteInsoumis,2017-11-19,1
FranceInsoumise,AssembleeNationale,2017-11-19,2
FranceInsoumise,dividendes,2017-11-19,1
FranceInsoumise,RESF,2017-11-19,1
FranceInsoumise,ClermontFerrand,2017-11-19,2
FranceInsoumise,ConventionFi,2017-11-19,87
FranceInsoumise,ViolencesFaitesAuxFemmes,2017-11-19,1
FranceInsoumise,Mayotte,2017-11-19,1
FranceInsoumise,direct,2017-11-19,2
FranceInsoumise,StopBure,2017-11-19,1
FranceInsoumise,ecologie,2017-11-19,1
FranceInsoumise,thèmedecampagne,2017-11-19,2
FranceInsoumise,Ordonnances,2017-11-19,1
FranceInsoumise,Pauvrete,2017-11-19,2
FranceInsoumise,Santé,2017-11-19,1
FranceInsoumise,FRABEL,2017-11-19,1
FranceInsoumise,Lanceusedalerte,2017-11-19,1
FranceInsoumise,LaRochelle,2017-11-19,1
FranceInsoumise,Marseille,2017-11-19,1
FranceInsoumise,FranceInsoumise,2017-11-19,13
FranceInsoumise,syndicaliste,2017-11-19,1
FranceInsoumise,ParadisePapers,2017-11-19,1
FranceInsoumise,Macron,2017-11-19,3
FranceInsoumise,PolMat,2017-11-19,1
FranceInsoumise,Dijon,2017-11-19,1
FranceInsoumise,glyphosate,2017-11-19,1
FranceInsoumise,FI,2017-11-19,1
FranceInsoumise,EgaliteFH,2017-11-19,1
lesRepublicains,Europehebdo,2017-11-19,1
lesRepublicains,CongresdesMaires,2017-11-19,3
lesRepublicains,LREM,2017-11-19,1
lesRepublicains,Neuilly,2017-11-19,1
lesRepublicains,lesRépublicains,2017-11-19,1
lesRepublicains,Remaniement,2017-11-19,6
lesRepublicains,Républicains,2017-11-19,1
lesRepublicains,LesInconnusEnMarche,2017-11-19,1
lesRepublicains,var,2017-11-19,1
lesRepublicains,Merkel,2017-11-19,1
lesRepublicains,EnMarche,2017-11-19,1
lesRepublicains,toulon,2017-11-19,1
lesRepublicains,Castaner,2017-11-19,3
lesRepublicains,100eCongresAMF,2017-11-19,1
lesRepublicains,Macron,2017-11-19,1
lesRepublicains,Dussopt,2017-11-19,1
lesRepublicains,SystèmeEnMarche,2017-11-19,1
nan,NetNeutrality,2017-11-19,1
nan,rewardpoints,2017-11-19,1
nan,vagabunderia,2017-11-19,1
partisocialiste,AEM,2017-11-19,1
partisocialiste,Libye,2017-11-19,1
partisocialiste,MEDEF,2017-11-19,1
partisocialiste,Srebrenica,2017-11-19,1
partisocialiste,ONU,2017-11-19,1
partisocialiste,TPIY,2017-11-19,1
partisocialiste,PLF,2017-11-19,1
partisocialiste,PLF2018,2017-11-19,1
partisocialiste,Insee,2017-11-19,1
partisocialiste,Paris,2017-11-19,1
partisocialiste,France,2017-11-19,1
partisocialiste,DirectPS,2017-11-19,2
partisocialiste,CongresAMF,2017-11-19,1
partisocialiste,Egypte,2017-11-19,2
partisocialiste,PS,2017-11-19,3
partisocialiste,Lille,2017-11-19,1
partisocialiste,25novembre,2017-11-19,1
partisocialiste,Mladic,2017-11-19,1
UDI_off,policiers,2017-11-19,1
UDI_off,commune,2017-11-19,1
UDI_off,Sécurité,2017-11-19,1
UDI_off,ivg,2017-11-19,1
UDI_off,Femmes,2017-11-19,1
UDI_off,senateurs,2017-11-19,1
UDI_off,ViolencesFaitesAuxFemmes,2017-11-19,1
UDI_off,CongresDesMaires,2017-11-19,1
UDI_off,lavilleauxdames,2017-11-19,3
UDI_off,senat,2017-11-19,3
UDI_off,Pinel,2017-11-19,1
UDI_off,DirectSénat,2017-11-19,2
UDI_off,Rennes,2017-11-19,1
UDI_off,femme,2017-11-19,1
UDI_off,Logement,2017-11-19,1
UDI_off,QAG,2017-11-19,2
UDI_off,rue,2017-11-19,1
enmarchefr,NeRienLaisserPasser,2017-11-26,4
enmarchefr,LEmissionPolitique,2017-11-26,1
enmarchefr,glyphosate,2017-11-26,3
enmarchefr,CoupeDavies2017,2017-11-26,1
enmarchefr,Bruxelles,2017-11-26,1
enmarchefr,WorldAIDSDay,2017-11-26,1
enmarchefr,France,2017-11-26,1
enmarchefr,ordonnances,2017-11-26,1
enmarchefr,LaREM,2017-11-26,7
enmarchefr,RTLMatin,2017-11-26,3
enmarchefr,Corse,2017-11-26,1
enmarchefr,droitàlerreur,2017-11-26,2
enmarchefr,E1Matin,2017-11-26,1
FranceInsoumise,degout,2017-11-26,1
FranceInsoumise,Mélenchon,2017-11-26,1
FranceInsoumise,Lanceusedalerte,2017-11-26,1
FranceInsoumise,Media,2017-11-26,1
FranceInsoumise,Glyphosate,2017-11-26,8
FranceInsoumise,ConventionFi,2017-11-26,56
FranceInsoumise,ContreBudget,2017-11-26,1
FranceInsoumise,Castaner,2017-11-26,1
FranceInsoumise,CanalPlus,2017-11-26,1
FranceInsoumise,Venezuela,2017-11-26,1
FranceInsoumise,laïcité,2017-11-26,1
FranceInsoumise,FranceInsoumise,2017-11-26,11
FranceInsoumise,Macronistes,2017-11-26,1
FranceInsoumise,LinfoduVrai,2017-11-26,1
FranceInsoumise,pjlHydrocarbures,2017-11-26,1
FranceInsoumise,MM,2017-11-26,1
FranceInsoumise,BFMTV,2017-11-26,1
FranceInsoumise,Convention,2017-11-26,1
FranceInsoumise,Monsanto,2017-11-26,1
FranceInsoumise,Lenglet,2017-11-26,1
FranceInsoumise,MassacreMacron,2017-11-26,1
FranceInsoumise,Alinsky,2017-11-26,7
FranceInsoumise,Santé,2017-11-26,1
FranceInsoumise,nucléaire,2017-11-26,1
FranceInsoumise,Valls,2017-11-26,1
FranceInsoumise,ClermontFerrand,2017-11-26,1
FranceInsoumise,France2,2017-11-26,1
FranceInsoumise,Debray,2017-11-26,1
FranceInsoumise,BurnOut,2017-11-26,1
FranceInsoumise,ConventionFiِ,2017-11-26,1
FranceInsoumise,Lidl,2017-11-26,1
FranceInsoumise,FI,2017-11-26,2
FranceInsoumise,Macron,2017-11-26,2
FranceInsoumise,BurkinaFaso,2017-11-26,1
FranceInsoumise,sulfoxaflor,2017-11-26,1
FranceInsoumise,SouverainetéPopulaire,2017-11-26,1
FranceInsoumise,LesInformés,2017-11-26,1
FranceInsoumise,LEmissionPolitique,2017-11-26,18
lesRepublicains,AteliersRefondation,2017-11-26,1
lesRepublicains,Castaner,2017-11-26,2
lesRepublicains,glyphosate,2017-11-26,3
lesRepublicains,BoulogneBillancourt,2017-11-26,1
lesRepublicains,questure,2017-11-26,1
lesRepublicains,immigration,2017-11-26,1
lesRepublicains,lesRépublicains,2017-11-26,2
lesRepublicains,EDVTsur,2017-11-26,1
lesRepublicains,Chirac,2017-11-26,1
partisocialiste,DirectAN,2017-11-26,1
partisocialiste,revenudebase,2017-11-26,1
partisocialiste,HLM,2017-11-26,1
partisocialiste,France,2017-11-26,1
partisocialiste,article52,2017-11-26,1
partisocialiste,UE,2017-11-26,1
partisocialiste,APL,2017-11-26,1
partisocialiste,Israel,2017-11-26,1
partisocialiste,sport,2017-11-26,1
partisocialiste,OrdonnancesTravail,2017-11-26,1
partisocialiste,école,2017-11-26,1
partisocialiste,CoupeDavis2017,2017-11-26,1
partisocialiste,WorldAIDSDay,2017-11-26,1
partisocialiste,Blanquer,2017-11-26,1
partisocialiste,Paris,2017-11-26,1
partisocialiste,redoublement,2017-11-26,3
partisocialiste,EU,2017-11-26,1
partisocialiste,LREM,2017-11-26,1
partisocialiste,PS,2017-11-26,8
partisocialiste,glyphosate,2017-11-26,3
partisocialiste,JMS2017,2017-11-26,3
partisocialiste,WorldAIDSDay2017,2017-11-26,1
partisocialiste,logement,2017-11-26,1
partisocialiste,Sida,2017-11-26,2
UDI_off,HautsdeSeine,2017-11-26,1
UDI_off,DirectAN,2017-11-26,1
UDI_off,CETA,2017-11-26,1
UDI_off,ALDEcongress,2017-11-26,1
UDI_off,Glyphosate,2017-11-26,1
UDI_off,Europe,2017-11-26,1
UDI_off,DirectSénat,2017-11-26,1
UDI_off,ALDEcongres,2017-11-26,1
UDI_off,CNUDI,2017-11-26,54
UDI_off,UDI,2017-11-26,3
UDI_off,LesConstructifs,2017-11-26,1
UDI_off,Charente,2017-11-26,1
UDI_off,QAG,2017-11-26,3
UDI_off,Vincennes,2017-11-26,3
enmarchefr,bastille,2017-12-03,1
enmarchefr,PLFSS2018,2017-12-03,1
enmarchefr,maladiesrares,2017-12-03,1
enmarchefr,Quotidien,2017-12-03,1
enmarchefr,genetiques,2017-12-03,1
enmarchefr,EllesMarchent,2017-12-03,1
enmarchefr,Melun,2017-12-03,1
enmarchefr,Paris,2017-12-03,2
enmarchefr,LesJAM40,2017-12-03,1
enmarchefr,SeineetMarne,2017-12-03,1
enmarchefr,GrandParis,2017-12-03,10
enmarchefr,telethon2017,2017-12-03,2
enmarchefr,grandparisenmarche,2017-12-03,2
enmarchefr,OnePlanet,2017-12-03,1
enmarchefr,TRACEmeetsMacron,2017-12-03,1
enmarchefr,Paris11,2017-12-03,1
enmarchefr,Merkel,2017-12-03,1
enmarchefr,Karlspreis,2017-12-03,1
enmarchefr,Clichy,2017-12-03,1
enmarchefr,LaREM,2017-12-03,5
enmarchefr,Paris12,2017-12-03,1
FranceInsoumise,circo7517,2017-12-03,1
FranceInsoumise,Belgique,2017-12-03,1
FranceInsoumise,SMIC,2017-12-03,1
FranceInsoumise,JohnnyHallyday,2017-12-03,4
FranceInsoumise,insoumis,2017-12-03,1
FranceInsoumise,lorient,2017-12-03,1
FranceInsoumise,Marseille,2017-12-03,1
FranceInsoumise,Valls,2017-12-03,2
FranceInsoumise,Cyclocity,2017-12-03,1
FranceInsoumise,nature,2017-12-03,1
FranceInsoumise,RDLS47,2017-12-03,1
FranceInsoumise,livre,2017-12-03,1
FranceInsoumise,Toulon,2017-12-03,1
FranceInsoumise,Amazon,2017-12-03,1
lesRepublicains,JohnnyHalliday,2017-12-03,1
lesRepublicains,Conversations,2017-12-03,1
lesRepublicains,immigration,2017-12-03,1
lesRepublicains,electionLR2017,2017-12-03,2
lesRepublicains,Punchline,2017-12-03,1
lesRepublicains,lesRepublicains,2017-12-03,2
lesRepublicains,JeandOrmesson,2017-12-03,5
lesRepublicains,Montparnasse,2017-12-03,1
lesRepublicains,Ormesson,2017-12-03,1
lesRepublicains,PrélèvementALaSource,2017-12-03,1
lesRepublicains,JohnnyHallyday,2017-12-03,9
lesRepublicains,Algérie,2017-12-03,3
lesRepublicains,Noël,2017-12-03,1
lesRepublicains,JonnyHallyday,2017-12-03,1
lesRepublicains,crèche,2017-12-03,1
nan,SATX,2017-12-03,1
nan,MonumentalMistake,2017-12-03,1
partisocialiste,Orthez,2017-12-03,1
partisocialiste,Laïcité,2017-12-03,2
partisocialiste,redoublement,2017-12-03,1
partisocialiste,Australie,2017-12-03,1
partisocialiste,RefondationPS,2017-12-03,8
partisocialiste,MariagePourTous,2017-12-03,1
partisocialiste,Paris,2017-12-03,1
partisocialiste,PLFSS2018,2017-12-03,1
partisocialiste,CongrèsPS,2017-12-03,3
partisocialiste,PartiSocialiste,2017-12-03,1
partisocialiste,Dictée,2017-12-03,1
partisocialiste,bénévoles,2017-12-03,1
partisocialiste,volontaires,2017-12-03,1
partisocialiste,revenudebase,2017-12-03,1
partisocialiste,AccorddeParis,2017-12-03,1
partisocialiste,PS,2017-12-03,1
partisocialiste,Unesco,2017-12-03,1
partisocialiste,ONU,2017-12-03,1
UDI_off,QAG,2017-12-03,1
UDI_off,CNUDI,2017-12-03,2
UDI_off,JohnnyHallyday,2017-12-03,1
enmarchefr,RévolutionEnMarche,2017-12-10,1
enmarchefr,100Marcheurs,2017-12-10,2
enmarchefr,LaMatinaleLCI,2017-12-10,1
enmarchefr,Millas,2017-12-10,3
enmarchefr,LaDefense,2017-12-10,1
enmarchefr,LR,2017-12-10,1
enmarchefr,TechForPlanet,2017-12-10,1
enmarchefr,climat,2017-12-10,1
enmarchefr,OnePlanetSummit,2017-12-10,6
enmarchefr,OnePlanet,2017-12-10,6
enmarchefr,LaREM,2017-12-10,3
enmarchefr,GrandParis,2017-12-10,2
enmarchefr,AssisesMobilite,2017-12-10,1
enmarchefr,HautsDeSeine,2017-12-10,1
FranceInsoumise,ConfPresseFi,2017-12-10,2
FranceInsoumise,nucléaire,2017-12-10,1
FranceInsoumise,MakeOurNetNeutralityGreatAgain,2017-12-10,1
FranceInsoumise,NetNeutality,2017-12-10,1
lesRepublicains,Chateaurenard,2017-12-10,1
lesRepublicains,LE20H,2017-12-10,2
lesRepublicains,LeParisien,2017-12-10,1
lesRepublicains,PrixSakharov2017,2017-12-10,1
lesRepublicains,20HWauquiez,2017-12-10,2
lesRepublicains,TDInfos,2017-12-10,1
lesRepublicains,NotreDamedesLandes,2017-12-10,3
lesRepublicains,Millas,2017-12-10,2
lesRepublicains,BourdinDirect,2017-12-10,1
lesRepublicains,NDDL,2017-12-10,2
lesRepublicains,electionLR2017,2017-12-10,1
lesRepublicains,France,2017-12-10,1
lesRepublicains,LR,2017-12-10,2
lesRepublicains,mobilisation,2017-12-10,1
lesRepublicains,LaDroiteEstDeRetour,2017-12-10,1
lesRepublicains,EPPSummit,2017-12-10,1
lesRepublicains,directAN,2017-12-10,1
lesRepublicains,EXTRAIT,2017-12-10,1
lesRepublicains,lesRépublicains,2017-12-10,7
nan,RewardsPoints,2017-12-10,1
partisocialiste,conferencedeconsensus,2017-12-10,1
partisocialiste,bailleurs,2017-12-10,1
partisocialiste,Droitsdelhomme,2017-12-10,1
partisocialiste,PJLORE,2017-12-10,1
partisocialiste,sociaux,2017-12-10,1
partisocialiste,Millas,2017-12-10,1
partisocialiste,planétudiants,2017-12-10,6
partisocialiste,LR,2017-12-10,1
partisocialiste,selection,2017-12-10,1
partisocialiste,Collomb,2017-12-10,1
partisocialiste,PS,2017-12-10,6
partisocialiste,etudiants,2017-12-10,1
partisocialiste,gauche,2017-12-10,1
partisocialiste,associations,2017-12-10,1
partisocialiste,Hutin,2017-12-10,1
partisocialiste,Universite,2017-12-10,1
partisocialiste,Orthez,2017-12-10,1
partisocialiste,hebergement,2017-12-10,1
partisocialiste,APL,2017-12-10,2
partisocialiste,orientation,2017-12-10,1
partisocialiste,droite,2017-12-10,1
partisocialiste,bacpro,2017-12-10,1
partisocialiste,extrême,2017-12-10,1
partisocialiste,bactechno,2017-12-10,1
partisocialiste,Aides,2017-12-10,1
partisocialiste,glyphosate,2017-12-10,2
partisocialiste,Autriche,2017-12-10,2
partisocialiste,bio,2017-12-10,1
partisocialiste,OnePlanetSummit,2017-12-10,1
UDI_off,QAG,2017-12-10,2
enmarchefr,OnePlanetSummit,2017-12-17,1
enmarchefr,DimancheEnPolitique,2017-12-17,1
enmarchefr,MacronJT20HWE,2017-12-17,2
enmarchefr,PLF2018,2017-12-17,1
FranceInsoumise,AssembleeNationale,2017-12-17,1
FranceInsoumise,franceinsoumise,2017-12-17,2
FranceInsoumise,Amiens,2017-12-17,1
FranceInsoumise,Gaillard,2017-12-17,1
FranceInsoumise,pêcheélectrique,2017-12-17,1
FranceInsoumise,Alinsky,2017-12-17,1
FranceInsoumise,Insoumis,2017-12-17,1
FranceInsoumise,EdouardPhilippe,2017-12-17,2
FranceInsoumise,FI,2017-12-17,1
lesRepublicains,TokyoParis,2017-12-17,1
lesRepublicains,RéformesAN,2017-12-17,1
lesRepublicains,TV5Monde,2017-12-17,1
lesRepublicains,SeulContreTous,2017-12-17,1
lesRepublicains,Edouard,2017-12-17,1
lesRepublicains,européennes,2017-12-17,1
lesRepublicains,LaMatinale,2017-12-17,1
lesRepublicains,FRANOR,2017-12-17,1
lesRepublicains,Immigration,2017-12-17,1
lesRepublicains,MacronJT20HWE,2017-12-17,1
lesRepublicains,Philippe,2017-12-17,1
lesRepublicains,ChampionnesDuMonde,2017-12-17,2
lesRepublicains,TDinfos,2017-12-17,1
lesRepublicains,LR,2017-12-17,1
lesRepublicains,bleues,2017-12-17,1
lesRepublicains,EdouardPhilippe,2017-12-17,1
lesRepublicains,QAG,2017-12-17,1
lesRepublicains,le79Inter,2017-12-17,1
lesRepublicains,handball,2017-12-17,2
lesRepublicains,Budget2018,2017-12-17,1
lesRepublicains,DirectAN,2017-12-17,1
lesRepublicains,Amandine,2017-12-17,1
lesRepublicains,Monde,2017-12-17,1
lesRepublicains,LesRépublicains,2017-12-17,1
lesRepublicains,LREM,2017-12-17,1
nan,RewardsPoints,2017-12-17,1
nan,sonos,2017-12-17,2
nan,orlando,2017-12-17,1
partisocialiste,JournéeInternationaleDesMigrants,2017-12-17,4
partisocialiste,PLF2018,2017-12-17,5
partisocialiste,PS,2017-12-17,9
partisocialiste,flat,2017-12-17,1
partisocialiste,associations,2017-12-17,1
partisocialiste,Hulot,2017-12-17,1
partisocialiste,EGAlim,2017-12-17,1
partisocialiste,ISF,2017-12-17,2
partisocialiste,Catalogne,2017-12-17,1
partisocialiste,Collomb,2017-12-17,1
partisocialiste,Cameroun,2017-12-17,1
UDI_off,amiens,2017-12-17,1
UDI_off,Senat360,2017-12-17,1
UDI_off,QAG,2017-12-17,2
UDI_off,Replay,2017-12-17,2
UDI_off,TDinfos,2017-12-17,7
UDI_off,Yonne,2017-12-17,2
UDI_off,LR,2017-12-17,1
UDI_off,RTLmatin,2017-12-17,9
enmarchefr,ConseilConstitutionnel,2017-12-24,2
enmarchefr,MacronJT20HWE,2017-12-24,1
enmarchefr,JacquesChereque,2017-12-24,1
enmarchefr,LaREM,2017-12-24,1
FranceInsoumise,chômage,2017-12-24,1
FranceInsoumise,Gattaz,2017-12-24,1
FranceInsoumise,chômeurs,2017-12-24,2
FranceInsoumise,Medef,2017-12-24,1
lesRepublicains,Noël,2017-12-24,1
lesRepublicains,TaxeDHabitation,2017-12-24,1
lesRepublicains,chômage,2017-12-24,1
nan,sacc2018,2017-12-24,1
nan,NOLA,2017-12-24,1
nan,sugarbowl,2017-12-24,1
partisocialiste,PS,2017-12-24,1
partisocialiste,CirculaireCollomb,2017-12-24,2
partisocialiste,ComptePenibilite,2017-12-24,1
partisocialiste,accueil,2017-12-24,1
partisocialiste,Pénicaud,2017-12-24,1
partisocialiste,associations,2017-12-24,1
partisocialiste,Rohingyas,2017-12-24,1
partisocialiste,ISF,2017-12-24,1
partisocialiste,Macron,2017-12-24,1
partisocialiste,Aragon,2017-12-24,1
partisocialiste,LREM,2017-12-24,1
partisocialiste,Philippe,2017-12-24,1
partisocialiste,fraude,2017-12-24,1
partisocialiste,Gattaz,2017-12-24,1
UDI_off,LiberiaElections2017,2017-12-24,1
enmarchefr,VoeuxMacron,2017-12-31,2
nan,NYE2018,2017-12-31,1
partisocialiste,ISF,2017-12-31,1
partisocialiste,APL,2017-12-31,1
partisocialiste,circulaire,2017-12-31,1
enmarchefr,Champigny,2017-12-31,1
FranceInsoumise,champigny,2017-12-31,1
lesRepublicains,Hypercasher,2017-12-31,1
lesRepublicains,2018IsHere,2017-12-31,1
lesRepublicains,IlamHalimi,2017-12-31,1
lesRepublicains,RTLMatin,2017-12-31,3
lesRepublicains,Macron,2017-12-31,1
lesRepublicains,GdMatinSudRadio,2017-12-31,3
lesRepublicains,8h30politique,2017-12-31,1
lesRepublicains,BourdinDirect,2017-12-31,2
lesRepublicains,peinesplancher,2017-12-31,1
lesRepublicains,LR,2017-12-31,2
lesRepublicains,Aulnay,2017-12-31,1
lesRepublicains,Laïcité,2017-12-31,1
lesRepublicains,Gouvernement,2017-12-31,1
lesRepublicains,peinesplanchers,2017-12-31,1
lesRepublicains,Champigny,2017-12-31,10
lesRepublicains,lesRépublicains,2017-12-31,3
lesRepublicains,SeulContreTous,2017-12-31,1
lesRepublicains,VoeuxMacron,2017-12-31,1
lesRepublicains,PolitiquementShow,2017-12-31,1
nan,RewardsPoints,2017-12-31,1
nan,CNNNYE,2017-12-31,1
partisocialiste,Eleanor,2017-12-31,1
partisocialiste,PS,2017-12-31,1
partisocialiste,Champigny,2017-12-31,2
partisocialiste,ChèqueÉnergie,2017-12-31,1
enmarchefr,laFrancequisubit,2018-01-07,1
enmarchefr,billancourt,2018-01-07,1
enmarchefr,Etudiant,2018-01-07,1
enmarchefr,taxedhabitation,2018-01-07,4
enmarchefr,LaREM,2018-01-07,4
enmarchefr,Les4V,2018-01-07,1
enmarchefr,8h30Politique,2018-01-07,1
enmarchefr,MelusineHarle,2018-01-07,1
FranceInsoumise,RDLS50,2018-01-07,1
FranceInsoumise,80kmh,2018-01-07,1
FranceInsoumise,Lille,2018-01-07,1
FranceInsoumise,LUXLEAKS,2018-01-07,1
FranceInsoumise,Ivry,2018-01-07,1
FranceInsoumise,Circo9001,2018-01-07,3
FranceInsoumise,OnLacheRien,2018-01-07,1
FranceInsoumise,FakeNews,2018-01-07,1
FranceInsoumise,SoigneEtTaisToi,2018-01-07,1
FranceInsoumise,FI,2018-01-07,1
FranceInsoumise,ProcesCarpentras,2018-01-07,1
FranceInsoumise,Roncq,2018-01-07,1
FranceInsoumise,RelaxePourNicole,2018-01-07,1
FranceInsoumise,Université,2018-01-07,1
FranceInsoumise,Sélection,2018-01-07,1
lesRepublicains,Montrouge,2018-01-07,2
lesRepublicains,SecuriteRoutiere,2018-01-07,1
lesRepublicains,NotreDameDesLandes,2018-01-07,1
lesRepublicains,taxedhabitation,2018-01-07,1
lesRepublicains,LaFranceDesTerritoires,2018-01-07,1
lesRepublicains,JDD,2018-01-07,1
lesRepublicains,Lactalis,2018-01-07,1
lesRepublicains,LeTalk,2018-01-07,2
lesRepublicains,Laicite,2018-01-07,1
lesRepublicains,LR,2018-01-07,1
lesRepublicains,FranceInfo,2018-01-07,1
lesRepublicains,Macron,2018-01-07,1
lesRepublicains,ToutEstPolitique,2018-01-07,1
lesRepublicains,TDInfos,2018-01-07,2
lesRepublicains,TEP,2018-01-07,1
lesRepublicains,immigration,2018-01-07,1
lesRepublicains,HyperCacher,2018-01-07,1
lesRepublicains,SudRadioMatin,2018-01-07,1
lesRepublicains,Droite,2018-01-07,2
lesRepublicains,CharlieHebdo,2018-01-07,1
nan,CES,2018-01-07,1
nan,tbt,2018-01-07,1
nan,throwbackthursday,2018-01-07,1
nan,MLKDay,2018-01-07,1
nan,sacc2018,2018-01-07,4
partisocialiste,Beaucaire,2018-01-07,1
partisocialiste,refugies,2018-01-07,1
partisocialiste,taxedhabitation,2018-01-07,1
partisocialiste,CirculaireCollomb,2018-01-07,2
partisocialiste,FakeNews,2018-01-07,1
partisocialiste,Jarnac,2018-01-07,1
partisocialiste,Macron,2018-01-07,1
partisocialiste,Lactalis,2018-01-07,2
partisocialiste,Pénicaud,2018-01-07,1
partisocialiste,PêcheElectrique,2018-01-07,1
partisocialiste,Hypercacher,2018-01-07,1
partisocialiste,MinisteredelInterieur,2018-01-07,1
partisocialiste,FrançoisMitterrand,2018-01-07,1
partisocialiste,migrants,2018-01-07,1
partisocialiste,Creteil,2018-01-07,1
partisocialiste,PSdirect,2018-01-07,1
partisocialiste,immigration,2018-01-07,1
partisocialiste,DirectPS,2018-01-07,1
partisocialiste,accueil,2018-01-07,1
partisocialiste,VoeuxALaPresse,2018-01-07,1
partisocialiste,solidarite,2018-01-07,1
partisocialiste,ImpotMacron,2018-01-07,1
UDI_off,Creteil,2018-01-07,1
UDI_off,SaveTheDate,2018-01-07,1
UDI_off,HyperCacher,2018-01-07,1
UDI_off,TRIBUNE,2018-01-07,1
UDI_off,Replay,2018-01-07,1
UDI_off,RadioCassique,2018-01-07,4
UDI_off,installationmédecins,2018-01-07,1
enmarchefr,ActionTalents,2018-01-14,1
enmarchefr,Parcoursup,2018-01-14,1
enmarchefr,PlanEtudiants,2018-01-14,1
enmarchefr,LaREM,2018-01-14,2
enmarchefr,Pacte,2018-01-14,1
FranceInsoumise,Fukushima,2018-01-14,1
FranceInsoumise,Macron,2018-01-14,1
FranceInsoumise,15sept,2018-01-14,1
FranceInsoumise,ParcoursSup,2018-01-14,1
FranceInsoumise,NONalaSelection,2018-01-14,2
FranceInsoumise,UNLSD,2018-01-14,1
FranceInsoumise,Blocus,2018-01-14,1
FranceInsoumise,ConfPresseFi,2018-01-14,5
FranceInsoumise,ParcourSup,2018-01-14,2
FranceInsoumise,nucléaire,2018-01-14,4
lesRepublicains,FranceDesTerritoires,2018-01-14,1
lesRepublicains,Europe,2018-01-14,1
lesRepublicains,19hruthelkrief,2018-01-14,1
lesRepublicains,peinesplancher,2018-01-14,1
lesRepublicains,LeGrandRDV,2018-01-14,2
lesRepublicains,JDD,2018-01-14,1
lesRepublicains,EnMarche,2018-01-14,1
lesRepublicains,Juppé,2018-01-14,2
lesRepublicains,CSG,2018-01-14,1
nan,SACC2018,2018-01-14,1
partisocialiste,ParcoursSup,2018-01-14,2
partisocialiste,PLF2018,2018-01-14,1
UDI_off,TEP,2018-01-14,4
UDI_off,Asile,2018-01-14,1
UDI_off,NDDL,2018-01-14,2
UDI_off,ToutEstPolitique,2018-01-14,1
UDI_off,Migrants,2018-01-14,1
UDI_off,PolMat,2018-01-14,9
